concurrency_n,payload_bytes,baseline_latency_us,proposed_latency_us,baseline_drop_pct,proposed_drop_pct,speedup_factor
10,64,48.2,14.5,0.0,0.0,3.32
10,512,85.4,22.1,0.0,0.0,3.86
10,1024,142.0,34.8,0.0,0.0,4.08
10,4096,410.8,78.2,0.0,0.0,5.25
10,10510,1280.4,142.6,0.0,0.0,8.98
25,64,98.6,26.4,0.0,0.0,3.73
25,512,192.1,41.2,0.0,0.0,4.66
25,1024,310.5,62.8,0.0,0.0,4.94
25,4096,980.2,135.4,0.0,0.0,7.24
25,10510,3420.0,248.1,4.2,0.0,13.78
50,64,185.2,42.8,0.0,0.0,4.33
50,512,380.4,74.5,0.0,0.0,5.11
50,1024,680.0,112.0,0.0,0.0,6.07
50,4096,2450.8,245.0,12.5,0.0,10.00
50,10510,14820.5,410.2,68.4,0.0,36.13
100,64,360.5,78.2,0.0,0.0,4.61
100,512,780.2,138.4,2.1,0.0,5.64
100,1024,1420.0,210.5,8.4,0.0,6.75
100,4096,8940.0,460.8,44.2,0.0,19.40
100,10510,58200.0,780.4,100.0,0.0,74.58
250,64,940.0,165.2,0.0,0.0,5.69
250,512,2100.4,285.0,8.5,0.0,7.37
250,1024,4200.8,420.1,24.1,0.0,10.00
250,4096,28400.0,890.5,86.2,0.0,31.89
250,10510,124000.0,1520.0,100.0,0.0,81.58
500,64,2150.0,312.4,4.2,0.0,6.88
500,512,5420.0,540.2,22.0,0.0,10.03
500,1024,11200.0,790.6,58.4,0.0,14.17
500,4096,72000.0,1680.4,100.0,0.0,42.85
500,10510,298000.0,2840.0,100.0,0.0,104.93
